<?xml version='1.1' encoding='UTF-8'?>
<Tag plugin="workflow-support@3.3">
  <node class="cps.n.StepAtomNode" plugin="workflow-cps@2.77">
    <parentIds>
      <string>5</string>
    </parentIds>
    <id>6</id>
    <descriptorId>org.jenkinsci.plugins.workflow.steps.durable_task.BatchScriptStep</descriptorId>
  </node>
  <actions>
    <cps.a.ArgumentsActionImpl plugin="workflow-cps@2.77">
      <arguments>
        <entry>
          <string>script</string>
          <string>mvn clean package</string>
        </entry>
        <entry>
          <string>label</string>
          <string></string>
        </entry>
      </arguments>
      <isUnmodifiedBySanitization>true</isUnmodifiedBySanitization>
    </cps.a.ArgumentsActionImpl>
    <wf.a.TimingAction plugin="workflow-api@2.37">
      <startTime>1575370302582</startTime>
    </wf.a.TimingAction>
    <s.a.LogStorageAction/>
  </actions>
</Tag>